{
  "classes": [
    "activated CD4+ T cell",
    "activated CD8+ T cell",
    "resting CD4+ T cell",
    "resting CD8+ T cell"
  ],
  "accuracy": 0.7326732673267327,
  "macro_f1": 0.728769835999381,
  "per_class": {
    "activated CD4+ T cell": {
      "precision": 0.7567567565522278,
      "recall": 0.8484848482277318,
      "f1": 0.7999999947877551
    },
    "activated CD8+ T cell": {
      "precision": 0.749999999375,
      "recall": 0.749999999375,
      "f1": 0.749999994375
    },
    "resting CD4+ T cell": {
      "precision": 0.8461538458284024,
      "recall": 0.5945945944338933,
      "f1": 0.6984126933434114
    },
    "resting CD8+ T cell": {
      "precision": 0.5769230767011834,
      "recall": 0.7894736837950138,
      "f1": 0.6666666614913581
    }
  },
  "confusion_matrix": [
    [
      28,
      3,
      1,
      1
    ],
    [
      3,
      9,
      0,
      0
    ],
    [
      5,
      0,
      22,
      10
    ],
    [
      1,
      0,
      3,
      15
    ]
  ],
  "loss_history": [
    1.487188696861267,
    59.97022247314453,
    27.87506103515625,
    10.22131633758545,
    5.019486904144287,
    1.7723616361618042,
    2.6191232204437256,
    2.0671193599700928,
    1.4549721479415894,
    1.238262414932251,
    1.3184309005737305,
    1.3238908052444458,
    1.2688446044921875,
    1.2643355131149292,
    1.2459100484848022,
    1.233893871307373,
    1.2285361289978027,
    1.1581023931503296,
    1.1871989965438843,
    1.143665075302124,
    1.145124912261963,
    1.1548528671264648,
    1.107113242149353,
    1.1203726530075073,
    1.0939605236053467,
    1.0788733959197998,
    1.0639173984527588,
    1.0715066194534302,
    1.045106053352356,
    1.0507988929748535,
    1.0170294046401978,
    1.0244218111038208,
    1.0181032419204712,
    1.0043184757232666,
    0.9586468935012817,
    0.9421094655990601,
    0.9481417536735535,
    0.9186035990715027,
    0.9526202082633972,
    0.9231243133544922,
    0.8897764682769775,
    0.9065390825271606,
    0.8883262872695923,
    0.8808991312980652,
    0.8984469175338745,
    0.8695969581604004,
    0.8965514302253723,
    0.8342501521110535,
    0.8434438705444336,
    0.8800837397575378,
    0.9193779230117798,
    0.8524972796440125,
    0.9079148769378662,
    0.9122173190116882,
    0.8662992119789124,
    0.8433122634887695,
    0.811573326587677,
    0.8313252925872803,
    0.8164095282554626,
    0.8286895155906677,
    0.7527942657470703,
    0.6966342329978943,
    0.6838617324829102,
    0.7823275923728943,
    0.7110175490379333,
    0.7054244875907898,
    0.6895923614501953,
    0.6870746612548828,
    0.6853756308555603,
    0.664018988609314,
    0.7287371158599854,
    0.6787847876548767,
    0.6598402857780457,
    0.6317489743232727,
    0.6690433621406555,
    0.6262571811676025,
    0.6316237449645996,
    0.6196696162223816,
    0.5507746338844299,
    0.6028757691383362,
    0.5943287014961243,
    0.5990932583808899,
    0.6280028820037842,
    0.5885318517684937,
    0.6604540348052979,
    0.5737983584403992,
    0.5620918869972229,
    0.5908754467964172,
    0.6226112842559814,
    0.6178673505783081,
    0.5762007832527161,
    0.5743341445922852,
    0.5131465196609497,
    0.6245450377464294,
    0.6087784171104431,
    0.5397535562515259,
    0.5374248623847961,
    0.6374287605285645,
    0.5456669926643372,
    0.5715221762657166
  ],
  "auc_roc": {
    "activated CD4+ T cell": 0.950980391728837,
    "activated CD8+ T cell": 0.9522471901107026,
    "resting CD4+ T cell": 0.9256756752808565,
    "resting CD8+ T cell": 0.9172015398418651
  }
}