{"classes": ["activated CD4+ T cell", "activated CD8+ T cell", "resting CD4+ T cell", "resting CD8+ T cell", "unassigned activated T call", "unassigned resting T cell"], "accuracy": 0.38894826700720403, "macro_f1": 0.20228831152312252, "per_class": {"activated CD4+ T cell": {"precision": 0.38153978865629434, "recall": 0.31814421866559317, "f1": 0.3469699891574046}, "activated CD8+ T cell": {"precision": 0.42962674961036235, "recall": 0.25156516789954286, "f1": 0.31732356487238045}, "resting CD4+ T cell": {"precision": 0.39226753210093784, "recall": 0.6716057336122275, "f1": 0.4952641065117569}, "resting CD8+ T cell": {"precision": 0.2390939597295378, "recall": 0.030546623794179474, "f1": 0.054172208597193135}, "unassigned activated T call": {"precision": 0.0, "recall": 0.0, "f1": 0.0}, "unassigned resting T cell": {"precision": 0.0, "recall": 0.0, "f1": 0.0}}, "auc_roc": {"activated CD4+ T cell": 0.6476202796367657, "activated CD8+ T cell": 0.48830401802076706, "resting CD4+ T cell": 0.4657377229925317, "resting CD8+ T cell": 0.4148321222234131, "unassigned activated T call": 0.5148128484598343, "unassigned resting T cell": 0.5251891034250226}, "confusion_matrix": [[8846, 197, 18475, 287, 0, 0], [2777, 2210, 3472, 326, 0, 0], [7604, 258, 16680, 294, 0, 0], [3638, 2457, 2950, 285, 0, 0], [162, 19, 634, 0, 0, 0], [158, 3, 311, 0, 0, 0]]}