{
  "classes": [
    "activated CD4+ T cell",
    "activated CD8+ T cell",
    "resting CD4+ T cell",
    "resting CD8+ T cell"
  ],
  "accuracy": 0.8227865667499306,
  "macro_f1": 0.7977551714591896,
  "per_class": {
    "activated CD4+ T cell": {
      "precision": 0.8817586529450294,
      "recall": 0.84160714285564,
      "f1": 0.8612151617439453
    },
    "activated CD8+ T cell": {
      "precision": 0.7295081967173251,
      "recall": 0.7400221729449001,
      "f1": 0.7347275679186119
    },
    "resting CD4+ T cell": {
      "precision": 0.8499084807792355,
      "recall": 0.8384831460657334,
      "f1": 0.8441571508413679
    },
    "resting CD8+ T cell": {
      "precision": 0.7030172413762801,
      "recall": 0.8058300395217104,
      "f1": 0.7509208053328336
    }
  },
  "confusion_matrix": [
    [
      4713,
      360,
      425,
      102
    ],
    [
      252,
      1335,
      49,
      168
    ],
    [
      338,
      48,
      4179,
      419
    ],
    [
      42,
      87,
      264,
      1631
    ]
  ],
  "loss_history": [
    1.3897448778152466,
    1.279459834098816,
    1.1304341554641724,
    0.9651657342910767,
    0.8361449837684631,
    0.7579017877578735,
    0.7102924585342407,
    0.6762480735778809,
    0.6608805656433105,
    0.6501368880271912,
    0.6467000246047974,
    0.6406989097595215,
    0.6281519532203674,
    0.629291296005249,
    0.615306556224823,
    0.6124877333641052,
    0.6043769717216492,
    0.5984683632850647,
    0.5899603962898254,
    0.5827222466468811,
    0.5755049586296082,
    0.5675053596496582,
    0.5607337355613708,
    0.5559461712837219,
    0.5468221306800842,
    0.5431836843490601,
    0.5375451445579529,
    0.5359084606170654,
    0.5318756103515625,
    0.5289193987846375,
    0.5254827737808228,
    0.5249228477478027,
    0.5201933979988098,
    0.5203719139099121,
    0.5183618664741516,
    0.516129732131958,
    0.5147799849510193,
    0.5135784149169922,
    0.5109413266181946,
    0.5081782341003418,
    0.5072627067565918,
    0.5046759843826294,
    0.5038276314735413,
    0.5034655332565308,
    0.5012292861938477,
    0.5005100965499878,
    0.498035192489624,
    0.4970681369304657,
    0.497294157743454,
    0.4945925772190094,
    0.49465063214302063,
    0.4948606789112091,
    0.4924720525741577,
    0.4935212731361389,
    0.4927172064781189,
    0.49037227034568787,
    0.4894963502883911,
    0.488480806350708,
    0.48976364731788635,
    0.4877924621105194,
    0.4866860806941986,
    0.4879160523414612,
    0.48562026023864746,
    0.4866068661212921,
    0.48520323634147644,
    0.4839797914028168,
    0.48228397965431213,
    0.4820346236228943,
    0.48270484805107117,
    0.4826674461364746,
    0.48282310366630554,
    0.4818824827671051,
    0.4795476496219635,
    0.4790215492248535,
    0.4789910316467285,
    0.4790543019771576,
    0.4778309762477875,
    0.47982653975486755,
    0.47665783762931824,
    0.4765584468841553,
    0.47755616903305054,
    0.4755077064037323,
    0.4750576913356781,
    0.4762556254863739,
    0.4744313359260559,
    0.47413691878318787,
    0.47241920232772827,
    0.4724019169807434,
    0.47340142726898193,
    0.4735514223575592,
    0.4725005328655243,
    0.4718707203865051,
    0.4708099365234375,
    0.4712086319923401,
    0.47076162695884705,
    0.4724901020526886,
    0.47066113352775574,
    0.47000014781951904,
    0.4706296920776367,
    0.4696817100048065
  ],
  "auc_roc": {
    "activated CD4+ T cell": 0.9592272915152584,
    "activated CD8+ T cell": 0.9502973246785487,
    "resting CD4+ T cell": 0.9557497653897278,
    "resting CD8+ T cell": 0.9561843684576731
  }
}