{
  "classes": [
    "activated CD4+ T cell",
    "activated CD8+ T cell",
    "resting CD4+ T cell",
    "resting CD8+ T cell"
  ],
  "accuracy": 0.7810158201498751,
  "macro_f1": 0.7398861115911786,
  "per_class": {
    "activated CD4+ T cell": {
      "precision": 0.764314851184825,
      "recall": 0.903392857141244,
      "f1": 0.828054663991598
    },
    "activated CD8+ T cell": {
      "precision": 0.8724637681075125,
      "recall": 0.5005543237222808,
      "f1": 0.6361394810967851
    },
    "resting CD4+ T cell": {
      "precision": 0.7947125976350997,
      "recall": 0.7961476725505695,
      "f1": 0.7954294828204003
    },
    "resting CD8+ T cell": {
      "precision": 0.7512747875311543,
      "recall": 0.6551383399177118,
      "f1": 0.699920818455931
    }
  },
  "confusion_matrix": [
    [
      5059,
      63,
      431,
      47
    ],
    [
      567,
      903,
      85,
      249
    ],
    [
      860,
      13,
      3968,
      143
    ],
    [
      133,
      56,
      509,
      1326
    ]
  ]
}